user.id	author.nickname	content	sentiment	annotator id	comment	dispute
102749771.0	itwaschris	If #Obama `s #healthreform plan passes Sunday, I'm changing my party affiliation on Monday. #progressive #hcr #left #politics #Change NOT!	negative	jbaldridge		
99589232.0	JohnThune2012	WSJ: Obama's Health Care Push Turning America into a ''Banana Republic'' -> http://tinyurl.com/yhuggo3 #tcot #sgp #hcr	negative	jbaldridge		
17383566.0	calliopeconsult	#hcr vote 1 mill. x more significant that ill-thought #startupvisa campaign.Latter turns blind eye to existing H-1B visa mess @chuckgrassley	positive	jbaldridge		
7597712.0	PajamasMedia	Larrey Anderson: Probable Constitutional Challenges to #ObamaCare http://bit.ly/bvXxur #tcot #hcr #handsoff	negative	jbaldridge		
106226879.0	Christsinternet	RT @Red_Forest @michellemalkin Heads-up: Six pro-life Dems working on #hcr sellout deal - http://is.gd/aOSkp (h/t @allahpundit)	negative	reuschj		
16474992.0	winterthur	College students will be able to stay on their parent's plan until they are 26 if they need to..-BarackObama #hcr #children #fem2	neutral	jbaldridge		
16170115.0	ShelbyKnox	President @BarackObama - the Hyde Amendment kills. Don't pass #hcr on the backs of women - NO EXECUTIVE ORDER for #stupak.	negative	reuschj	Could be pro hcr, but anti-hcr+no abortion spending	
58708159.0	ResistTyranny	RT @dbass777: retweet if you think #healthcare bill is unconstitutional. #hcr #obamacare #obama #iamthemob #teaparty #tlot #tcot	negative	speriosu		
18055737.0	realjohngreen	My 4-minute video summary of the health care reform bill the House will vote on today: http://bit.ly/8rGV4S #hcr	neutral	jbaldridge		
18740582.0	chrislee_ny26	Add another $208 billion onto the #hcr tab for the `doc fix' which will need 2 pass in 2 months. Another gimmick not including it in CBO amt	negative	nsudan		
7713202.0	GOPLeader	Boehner:  ``Pro-Life'' Democrats Can't Hide Behind an Executive Order http://ow.ly/1p40X #hcr	negative	reuschj		
70812966.0	RedDevilRio	REMEMBER THE ALAMO - REMEMBER PEARL HARBOR - REMEMBER OBAMACARE -- GO HERE: http://bit.ly/BLACKSunday  #hcr #teaparty	negative	speriosu		
23831682.0	ReaganGomez	Watching, probably the best show on TV today, The #HCR reality show on C-Span.	neutral	jbaldridge	Could be sarcasm...	
20592516.0	Azbats	3/21 the anniversary of my mother's death. Ins. refused her meds to help digestion probs caused by her pancreatic ca. /via @jillosopher #HCR	positive	jbaldridge		
14144520.0	BobBrigham	Contact @LorettaSanchez CoS & urge YES on #HCR. adriene.elrod@mail.house.gov pls rt 202-225-2965	positive	jbaldridge		
6980622.0	MediaLizzy	STUPAK office recording yeas & nays of callers on #hcr bill - PLS call 202.225.4735 #tcot #sgp #rfvradio	neutral	jbaldridge		
18767699.0	CBSNewsHotSheet	Despite reports, Pelosi aides say Rep. Stupak is not a ''yes'' vote yet. #hcr	neutral	jbaldridge		
24608909.0	Lizzs_Lockeroom	It is great to know that there are people who care about #HCR and not what's going on in #Tigersbedroom ....	positive	jbaldridge		
1146211.0	ianblue	LMAO! moments before #HCR passes and there are less than 100 teabaggers on the Hill, while thousands march 4 immigration reform! #tcot #p2	positive	jbaldridge		
16289988.0	MississippiMama	RT @MediaLizzy: STUPAK office recording yeas & nays of callers on #hcr bill - PLS call 202.225.4735 #killthebill	neutral	jbaldridge		
16921339.0	cchangrl	Black leaders supporting #hcr bill are more akin to Tuskeegee experiment enablers than civil rights leaders.  Shameful.	negative	jbaldridge		
7713202.0	GOPLeader	RT @RasmussenPoll It's time to decide and new poll shows 54% of voters oppose Dems' #hcr http://ow.ly/1p4en	negative	reuschj		
55329156.0	RNCResearch	RT @NRCC: Brian #Baird's (D, #WA03) `YES' vote on #hcr takeover likely to hurt Dems vying to succeed him #gopcodered	negative	jbaldridge		
26459660.0	RTHTGakaRoland	SAVE A PRESIDENCY - KILL A CONSTITUTION?? http://bit.ly/BooHooHoo  @bacaca43 @repjohnbarrow #tweetcongress #hcr	negative	jbaldridge		
22393263.0	indjunjoe	Okay, this is a done deal. Anybody knows a good spot to watch the end of the world, before things go back to normal tomorrow? #hcr	positive	jbaldridge	Sarcasm about people over-reacting to possible passage of the bill.	
16563576.0	PilarMarrero	Today #HCR will pass in DC Also #immigration marches going on in DC and Los Angeles, asking for reform.	neutral	jbaldridge		
16434558.0	LyndaOFA	Speaker Pelosi wielding the same gavel today used to pass Medicare. #HCR #OFA  #p2	positive	jbaldridge	#OFA is pro-hcr	
26373615.0	aka_sana	Watch #hcr vote live. http://www.huffingtonpost.com/2010/03/21/health-care-vote-live-upd_n_507238.html#s75012	neutral	jbaldridge		
5227331.0	Cubachi	RT @philipaklein: RT @JeffreyYoung_HC: Dem Reps. Lincoln Davis (TN) and John Tanner (TN) will both vote no again on #hcr	neutral	jbaldridge		
22303656.0	sarahjoyhays	RT @toddeherman: RT @GOPinkPolitics: DON'T GIVE UP! I GOT THRU TO STUPAK ON THIS NUMBER 202-225-4735   just minutes ago! #hcr #tcot	negative	jbaldridge		
18364499.0	rtstrategy	To those in US who r working so hard to deny 32 million people what should be a basic right of citizenship - shame on you. #hcr	positive	jbaldridge		
77015676.0	RAMansour	This Executive Order crap is a farce. It's not binding! It will be ignored. We won't forget these sellouts in November. #tcot #hcr	negative	jbaldridge		
15174710.0	MomsRising	Rep. Sanchez still undecided! Tweet @lorettasanchez NOW to vote yes on #HCR. 1/4 in CA uninsured - 190,000 in her dist!  Please RT	positive	reuschj		
5496932.0	NRCC	Retiring Dem Tanner's (D-TN) `NO' vote on #hcr takeover forces Pelosi to find another `YES' http://is.gd/aRO4y #gopcodered	negative	reuschj	#gopcodered implies negative to hcr	
37063147.0	tdpwells	The American Republic will endure until the day Congress discovers that it can bribe the public with the public's money.'' #tcot #hcr	negative	jbaldridge		
18925783.0	RightKlik	Newsflash for libs: It's not health care. It's taxation, debt, bureaucracy, regulation, & control #hcr #p2 #tcot	negative	reuschj	Target could also be liberals	
17233536.0	ColorMeRed	Stupak's office is counting calls...just say NO..nothing else. Be grateful that you can get through. 202-225-4735 #hcr #killthebill	negative	jbaldridge		
70812966.0	RedDevilRio	IRS DIRECT WITHDRAWAL FROM YOU BANK ACCT? @neilabercrombie @reptammybaldwin #tweetcongress #hcr http://bit.ly/IRSDirectWithdrawal	negative	jbaldridge		
50769180.0	IngrahamAngle	Disturbance in the House gallery #tcot #hcr	negative	reuschj	Though seems neutral or irrelevant, #tcot is a conservative group	
40959209.0	tonygk	Nobody wants to be the deciding vote on the most historic, compassionate, and moral legislation ever. #hcr	positive	reuschj	Almost sounds neutral, but descriptors point otherwise	
29350302.0	secularstupiddd	RT @GaryWhitney: Rep Jan Schakowsky: 50 Dems Wld Walk If Stupak Language Is Re-Ins http://bit.ly/WalkOut #hcr #tcot #killthebill #teaparty	neutral	reuschj		
26918145.0	midlifechick	Tell STUPAK to vote No on #HCR: Phone: (202) 225 4735 Fax: (202) 225 4744 use FREE/online http://is.gd/aROYx  for faxing	negative	reuschj		
14465607.0	latimestot	Why wait for the House? Cast your vote on Obamas healthcare bill now; See the trend http://bit.ly/8YtetO #tcot #sgp #dc @#hcr #p2 #politics	negative	reuschj	Tags would imply this is negative	
55018701.0	EvanGlassCNN	Staten Island's Michael McMahon will vote against #hcr	neutral	supadhyay		
15380559.0	bluffcityjk	Where was all this public passion when they passed the Patriot Act (and really did erode our liberty)? #hcr	positive	reuschj	In some way it is a neg toward liberals who were silent then, but seems to be from a hcr supporter	
14347931.0	rkref	RT @mardod: Quick procedural question, does Hoyer pour the Gatorade over Pelosi's head when they get to 216 or when the vote is over? #hcr	positive	reuschj		
68543202.0	jane747	POLLING PROOF: VOTE YES TODAY -- SAY BYE BYE IN NOV @repblumenauer @repcarnahan #tweetcongress #hcr http://bit.ly/AdviceForDems	negative	reuschj		
14728168.0	MelissaTweets	RT @jasoncarini: STUPAK office recording yeas & nays of callers on #hcr bill - PLS call 202.225.4735 #tcot #sgp #rfvradio (via @MediaLizzy)	negative	reuschj	Hard to tell, though prob negative as #tcot is tagged 	
25504953.0	D_R_Berry	I was able to reach Stupak's office! Call 202-225-4735 now!! #tcot #killthebill #hcr #tweetcongress	negative	reuschj	Tags would imply this is negative	
14377605.0	DemocratsDotOrg	RT @RepMikeHonda: Today we'll fix a broken health ins. system. #HCR is not about politics, it is a matter of justice & basic human decency.	positive	reuschj		
26812918.0	afashionfan	RT @SaysMissy I'm so Proud of my fellow Patriots in DC chanting  #KILLTHEBILL #KILLTHEBILL #KILLTHEBILL #KILLTHEBILL #KILLTHEBILL  #hcr	negative	reuschj		
22280445.0	HEALTH_NOTES	2:10P - House Rule Chair Louise Slaughter (D-NY) calls up ''rule'' on House #hcr floor procedure - THEY'RE OFF!	neutral	jbaldridge		
17934084.0	ConservativeLA	Paul Ryan on floor. ''The mother of all unfunded mandates.'' #killthebill #HCR #codered #tcot	negative	jbaldridge		
18664838.0	mparent77772	If phones busy, FAX Reps: http://bit.ly/LYH2U Use FREE/online fax: http://bit.ly/13F4ge /@GottaLaff @charyl @Gr8RDH \n#hcr #hc	neutral	jbaldridge		
84724690.0	knowandlove	RT @Ben_Howe: Stupak  he's recording yay/nay call-ins to help make his decision. (202) 225-4735  CALL NOW!  KEEP TRYING! #tcot #hcr	neutral	jbaldridge		
77062281.0	SandiBehrns	Cantor pushing memo that Dems are 7 votes short, but he assumes 12 Stupak block votes. I think we're done. http://bit.ly/9ipfOd #hcr #p2	neutral			
94653136.0	TAPerkLaw	RT @Natspolitics: the answer to 1984 is 1776 #killthebill #tcot #hcr #handsoff #GOP #codered	negative	tsmoon	also negative on socialism and totalitarianism (!) so, for these people, this means neg on liberals	
27783848.0	TheFlaCracker	@WeThePeople1st: ''We will not waver,we will not tire, we will not falter, & we will not fail.'' - #TWEETCONGRESS #KILLTHEBILL #TEAPARTY #HCR	negative	tsmoon	also: positive on conservatives	
16081831.0	meredithshiner	Crammed into an elevator with reporters Stupak says he's still a ''no'' and that no agreement has been reached. #hcr	neutral	nsudan	news	
15119140.0	maureenjohnson	Of all forms of inequality, injustice in health care is the most shocking and inhumane.'' -MLK #HCR	positive	tsmoon	also positive on liberals	
114050808.0	LisaDCNN	Shouldn't walk and tweet RT @deidrewalshcnn rode elevator with Stupak - still a no. Sez... he has enuf votes to make the difference on #hcr	neutral	cbrown		
17693487.0	kelsie1983	MSNBC: Stupak ''yes'' vote confirmed--#HCR bill almost certain to pass. ~ http://bit.ly/9xoh3C	positive	cbrown		
34698840.0	AmericanInkling	Stupak & Co. should be looking at how Scott Brown became a national hero after opposing OCare-better than being national traitor. #tcot #hcr	negative	cbrown	equally positive on gop	
15976697.0	michellemalkin	RT @BDayspring: Breaking: The Hill reports ''Dems don't appear to have 216 hours before #hcr vote'' \n http://ow.ly/1p5fL	negative	tsmoon	also negative on dems	
5227331.0	Cubachi	RT @michellemalkin RT @BDayspring: Breaking: The Hill reports ''Dems don't appear to have 216 hours before #hcr vote'' http://ow.ly/1p5fL	negative	tsmoon	also negative on dems	
20819456.0	GetsGreased	Paul Ryan on Floor: Only way for Govt Takeover to be fiscally responsible will be to ration #healthcare. #tcot #hcr #p2 #teaparty	negative	cbrown	grounds: fiscal	
16787084.0	EdMorrissey	RT @michellemalkin: RT @BDayspring: Breaking: The Hill reports ''Dems don't appear to have 216 hours before #hcr vote'' http://ow.ly/1p5fL	negative	tsmoon		
15976697.0	michellemalkin	RT @toddstarnes: Dem  Chaka Fattah compares Healthcare passage  to the resurrection of Jesus Christ. #hcr	neutral	cbrown	nested: positive on hcr	
23696410.0	BrentTeichman	@RepPaulRyan just now on the floor of the House of Reprehensibles: ''This Bill is a Fiscal Frankenstein'' #HCR	negative	cbrown	grounds: fiscal	
25891954.0	DiggsWayne	Why don't the people against #HCR just confess to the fact that they are in love with the idea of genocide?	positive	cbrown	powerful	
41373006.0	sarahlee310	YouTube - Pelosi walks with 1965 Medicare gavel http://bit.ly/bwXUUa #HCR #p2 #topprog	unsure	cbrown		
13491312.0	timryan	RT @rborntrager Health care bill has been posted for 72 hours now. #hcr #p2	neutral	nsudan	commentary	
15976697.0	michellemalkin	RT @cathymcmorris: Rep. Paul Ryan just summarized it best: ''This bill is a fiscal Frankenstein'' #hcr	negative	cbrown	grounds: fiscal	
21954033.0	SgBz	The smaller the gov't, the more it looks like Somalia #p2 #hcr #px #tcot #teaparty #christian	unsure	cbrown		
43035186.0	Sannri	PHOTO :-) we'll see which side of  #hcr he's on after the vote RT @MarkShepard Unusual pic of Bald Eagle ''dancing'' http://bit.ly/17q50x	neutral	cbrown		
16434558.0	LyndaOFA	Now hearing the #HCR vote may be pushed to late tonight. Keep the calls going: http://bit.ly/cN47E1 #OFA #p2	neutral	nsudan	if combined with the following tweet.....might indicate negative sentiment	
19430999.0	KING5Seattle	House debate on Health Care Bill - watch live: http://bit.ly/9JXO9e via @msnbc  [vote expected this evening]  #hcr	neutral	cbrown		
26010462.0	KarenWhitworth	Grrrrrr ]-/ RT @HenryJennings: Since when does ''massive tax hike on everyone'' get passed off as ''glorious deficit reduction''? #teaparty #hcr	negative	cbrown		
47142049.0	ThankGod4Karma	This bill is a fiscal Frankenstein.'' - Rep. Paul Ryan #hcr #tcot	negative	speriosu		
28902856.0	Todd_Zwillich	Rep DeGette sez pro choice members in 1 rm, Stupak in another, with WH & Pelosi officials running shuttle between them #hcr	neutral	nsudan	pro-choice	
15454730.0	paustin110	Kill The Bill Sunday (UPDATED): http://bit.ly/9ZeH5e Just updated - they still DO NOT have the votes!  #killthebill #hcr	negative	nsudan		
96631550.0	theantimarxist	@reppaulryan thank you for all your efforts on #hcr ! #killthebill	negative	nsudan	kill the bill	
15950463.0	christinakb	BREAKING FROM CAP HILL: NO vote until at least 4:30p - may go to midnight. THEY DON'T HAVE THE VOTES - CALL-CALL-CALL!! #tcot #th2dc #hcr	negative	jbaldridge	#tcot indicates they are against	
16348437.0	BuckMcKeon	VFW: #HCR Bill Betrays Veterans - bill doesn't protect health programs for veterans, service-members or their families http://ow.ly/1p5jt	negative	jbaldridge		
102872327.0	YankAirPirate	TYRANNY is TAXING Medical Procedures and Devices http://bit.ly/SMARTChoice #tweetcongress #hcr	negative	efp		
15976697.0	michellemalkin	RT @AoSHQ: Voting Begins http://bit.ly/9JbVLp #hcr (the vote to proceed on the vote)	neutral	nsudan	commentary	
102872327.0	YankAirPirate	TYRANNY is a 2000+ Page Bill That NOBODY CAN UNDERSTAND #tweetcongress #hcr	negative	efp		
16226652.0	Citizen1452	Rep. Devin Nunes (R-CA) attacks VA healthcare on C-Span. Keeps repeating less government, less taxes. #hcr #healthcare Vote this bum out!	neutral	nsudan	commentary on hcr media	
765210.0	chrismurvine	A further loss of liberty is upon us as the nimrods in Washington vote on #hcr. Enjoy your freedom while you can...	negative	jbaldridge		
102872327.0	YankAirPirate	ARE YOU ONE OF NANCY'S USEFUL IDIOTS? - YOU GO IN NOV @usrepmikedoyle @repmikehonda #tweetcongress #hcr http://bit.ly/AdviceForDems	negative	nsudan		
21417832.0	standinthegap	So BO is 4 your #healthcare as long as you're NOT a senior & you're NOT in the womb & you're NOT near death? #hcr #tlot #tcot #killthebill	negative	speriosu		
25297764.0	GoonrGrrl	I would rather have the govt. involved in my health care than some rich asshole millionaire on a yacht telling me I can't have ANY! #hcr	positive	speriosu		
18964129.0	purist1	If U like how the Post Office is run, you'll like Govt Controlled Health Care. #HCR #handsoff #healthcare	negative	nsudan	assuming people don't like how the post office is run :)	
14554800.0	fatherz	as recent as 20 min ago, Stupak is still a NO vote according to Carl Cameron #tcot #hcr	neutral	jbaldridge		
26812918.0	afashionfan	RT @AsAMomOrg RT @usvoteout: RT @jetts424 up 2 the minute: 2:47 -- Stupak is telling Fox that he's still a ''no.'' #hcr #KILLTHEBILL	unsure	nsudan	would have labeled as neutral if not for #killthebill hashtag	
18286677.0	skigarmisch	If u think the #hcr bill will be better 4Americans, I've got a bridge 2sell you in Brooklyn. #p2 #tcot #killthebill #sgp	negative	speriosu		
55018701.0	EvanGlassCNN	Darrell Issa makes a point of order saying #hcr was product of backroom deals, out of public light and full of earmarks	neutral	squeaky	just a report of politician's negative statements	
118483149.0	iluvscoops	Rep. Nunes ''There is no free lunch in this world'' aka, get a job and fund your own health care.#hcr, #C-SPAN. (via @TeresainCali)	negative	speriosu		
13850422.0	CNNPolitics	RT @DanielleCNN: Curious how #HCR will impact you? Send me your Q's! @SanjayGuptaCNN is LIVE w/ @WolfBlitzer & will answer them for you!	neutral	speriosu		
15976697.0	michellemalkin	RT @HealthReformNow: Procedural vote to move forward on #hcr passes 228-195	neutral	speriosu		
50769180.0	IngrahamAngle	NRCC count: 214 NO, 213 YES - Dahlkemper (PA), Berry (AR), Kanjorski (PA), McMahon (NY) undecided #tcot #hcr	neutral	efp		
19409472.0	cprater	RT @IngrahamAngle: NRCC count: 214 NO, 213 YES - Dahlkemper (PA), Berry (AR), Kanjorski (PA), McMahon (NY) undecided #tcot #hcr #killthebill	negative	speriosu		
36695729.0	PatrickinOH	RT @IngrahamAngle NRCC count: 214 NO, 213 YES - Dahlkemper (PA), Berry (AR), Kanjorski (PA), McMahon (NY) undecided #tcot #hcr	neutral	speriosu		
88332314.0	AngelaRMLash	RT @rachellefriberg: Woot woot San Diego's own @DarrellIssa is ROCKING the House floor!!!Making San Diego proud!!! #hcr #killthebill #fb	negative	speriosu		
84664241.0	TCOAmerica	Unless a deal is struck w/ Stupak, Dems appear 2 B short on votes http://is.gd/aRSX9 #hcr #tcot #sgp #tlot #hhrs #ocra  #teaparty #iamthemob	neutral	efp		
14272120.0	Adriennevh	Whoopi Goldberg said it best when speaking about #hcr.  directed to members of the house and senate ''Gimme what YOU got''.	positive	efp		
32389958.0	pinnie99	TYRANNY is taking Health Care Choices AWAY from Seniors #tweetcongress #hcr http://bit.ly/dcx9KO	negative	wding		
18000662.0	PJTV	Tune in to http://PJTV.com for LIVE COVERAGE of updates on the #hcr debate from D.C. http://bit.ly/9MZ97r #tcot #killthebill #obamacare	negative	speriosu		
23028892.0	wingnut71	RT @NRCC: Pomeroy (D-ND) ends his silence - and career - will vote `YES' on #hcr takeover http://bit.ly/dnlCD8 #gopcodered via @AngelaRMLash	negative	speriosu		
91414089.0	petersmulowitz	want a real #hcr policy expert in the Massachusetts State House? Help our campaign today! http://bit.ly/6pHItl #mapoli	neutral	wding		
35418669.0	Hobermikersmith	Kind of sad that only in America could not going far enough to do the right thing be considered ''landmark''. #p2 #hcr	negative	squeaky		
7234682.0	QueenofSpain	and did Rep. Smith really just say #hcr will mean more ''dead babies'' .... #myheadhurts	positive	speriosu		
14262217.0	stales	For every minute the house continues to argue about #HCR... TWO more people die of heart attacks.	positive	speriosu		
34871734.0	andekelley	Barbara Lee speaks for me #hcr	unsure	squeaky	could be positive statement, or sarcastic one	
20989764.0	BLeeDrake	Rep Langevin (D-RI) - if we secure #hcr today, we know many Americans will wake up to a better tomorrow for themselves and their families.	positive	efp		
28902856.0	Todd_Zwillich	RT @brikeilarcnn: Rep. Bart Stupak just announced a 4 p.m. press conference. #hcr	neutral	squeaky		
124875109.0	ObamaWorlds	michellemalkin: Procedural vote to move forward on #hcr passes 228-195	neutral	squeaky		
24771318.0	ThePhoenixSun	Tea Party'' thugs spit on Black Rep, shout ''Kill the bill, nigger'' at Rep John Lewis. http://bit.ly/9dDoQS #hcr #news #tcot #p2 Plz RT	neutral	speriosu		
7387552.0	iSebastian_23	RT @1nv1ctus RT @chelseablobs: How can Republicans be 'pro-life' when they are letting innocent people die by not voting for #HCR ? #c-span	positive	speriosu		
15950463.0	christinakb	BREAKING FROM CAP HILL: Mike Pence just came out onto the balcony w/a sign: ''DEMS DON'T HAVE THE VOTES'' #tcot #hcr #th2dc	neutral	squeaky		
20351289.0	thehighsign	According to my pal Tim Noah, who's been covering #hcr for Slate, passage of the bill is all but a done deal as of now.Please be right, Tim.	positive	speriosu		
30521028.0	PopulrDiscourse	The house is getting rowdy. #hcr very lively debate.	neutral	speriosu		
1653161.0	MarkUrbin	RT @christinakb BREAKING FROM CAP HILL: Mike Pence just came out onto the balcony w/a sign: ''DEMS DON'T HAVE THE VOTES'' #tcot #hcr #th2dc	neutral	speriosu		
14262217.0	stales	If I get hypertension watching #HCR #CSPAN is that considered a pre-existing condition next time I go to the doctor?	negative	squeaky	sarcastic comment	
15451696.0	BradleySRees	RT @christinakb BREAKING FROM CAP HILL: Mike Pence just came out onto the balcony w/a sign: ''DEMS DON'T HAVE THE VOTES'' |#hcr #handsoff	neutral	speriosu		
101896529.0	huffpostcollege	The Health Care Vote Is Also HUGE For The Future Of Student Aid ... More Info Here: http://bit.ly/dj4ATM #HCR #SAFRA	neutral	wding		
29033216.0	SKYYRattler	I can't see why #HCR would NOT be passed! What's the alternative?!? The status quo with morbidity	positive	speriosu		
5956042.0	Izzy_O	CNN quoting Dem leaders as having the votes #hcr	neutral	speriosu		
31449275.0	jelunde	Here we go, ''the chair will no longer listen to anyone who is not voting yes for #hcr. Thank You'' #tragic #needtowatchcspanmore #tcot #hcr	unsure	squeaky	could be report of someone else's negative comment, since in quotations.	
15675138.0	cspan	Rep. Bart Stupak (D-MI) News conference - LIVE at 4:00pm ET at www.c-span.org #cspan #hcr	neutral	speriosu		
32517594.0	RonSupportsYou	Norm Ornstein: ''If Tom Daschle had been confirmed before Tim Geithner, you would have seen a #hcr signing ceremony 4 months ago.'' I agree.	positive	jbaldridge		
30330165.0	Jumex	Watching C-Span today isn't for the faint of heart. #hcr	neutral	speriosu		
21417832.0	standinthegap	#HCR WATCH => Unless deal struck w/ Stupak, Dems appear 2B short on votes http://tiny.cc/0wnst RT @MicheleBachmann #killthebill #tcot #sgp	negative	jbaldridge		
25911044.0	Drsforamerica	At Doctors for America, thousands and thousands of doctors have been fighting for #healthreform for more than a year. #hcr	neutral	speriosu		
17241517.0	argylestyle	I wonder how many of those #hcr protestors took the government run public transportation to get to their anti govt rally?	positive	speriosu		
19739126.0	ChiefDeputyWhip	Slaughter's scheme makes Senate bill law with all its backroom deals. We need to stop and start over. #hcr #tcot #hc #sgp	negative	jbaldridge		
15976697.0	michellemalkin	RT @marcambinder: White House official says text of Executive Order will be released ''very soon.'' #hcr	neutral	speriosu		
15356145.0	NewsTrust	How are the news media covering today's vote on the health care bill? Check out the best coverage on @NewsTrust: http://bit.ly/4PVhA #hcr	neutral	speriosu		
20252085.0	mrdaveyd	Healthcare should be a human right guranteed to every human being no matter race, color & creed..it should not be for profit ever!  #hcr	positive	jbaldridge		
59801837.0	AULAction	Call Rep. Paul Kanjorski at (202) 225-6511and urge him to vote NO on #hcr	negative	wding		
21417832.0	standinthegap	GOVT #HCR ALREADY FAILS => Medicare Denies More Claims than Top Providers http://bit.ly/25UCkD #sgp #ocra #tcot #teaparty #killthebill #rs	negative	jbaldridge		
37049965.0	jeffersondewitt	RT @fivethirtyeight: CNN: Steve Driehaus will vote YES. #hcr	neutral	jbaldridge		
11270992.0	OpenCongress	Via @jcohntnr, here's a timely & thoughtful piece by @ezraklein on who #hcr really targets to help in America: http://tinyurl.com/yhtwk35	positive	jbaldridge		
20004153.0	newriverone	We're saying NO because it's unconstitutional, vastly increases gov't, and infringes on our rights & liberty. DOH! #hcr #c-span	negative	wding		
14370357.0	dbrauer	We'll soon see: The Hill says Stupak group voting yes on #hcr. http://bit.ly/alVTZo	neutral	wding		
75139010.0	lilleth71	More Buying of Votes >>> Insurers, Doctor-Owned Hospitals Get Late Help - ABC News: http://bit.ly/bwG5TX #tcot #hcr #killbill	neutral	wding		
16906137.0	pourmecoffee	President of National Association for the Advancement of Bart Stupak to speak at 4:00 on #hcr deal.	neutral	wding		
30313925.0	whitehouse	Orszag hits back hard at #hcr fiscal critics http://bit.ly/cE28Z9	neutral	wding		
18622869.0	ezraklein	Glad to see @EvaLongoria whipping for #HCR.	negative	wding		
29716801.0	Paceset9999	RT @lilleth71  More Buying of Votes >>> Insurers, Doctor-Owned Hospitals Get Late Help - ABC News: http://bit.ly/bwG5TX #tcot #hcr	neutral	wding		
63013144.0	srjones66	RT @Proudlib: Whoa...Bush speechwriter saying #hcr could be the REPUBLICANS' Waterloo.	negative	wding		
33715192.0	healthpolicygrp	How long can they do that? @bacigalupe'' Via @CQHealthTweet: Last votes expected 10 to 11 p.m. #hcr #healthcare	neutral	wding		
49114922.0	angelpod	#killthebill ``If you vote for this #hcr bill, never again can you claim to be pro-life.'' Suzanne Kosmas (FL-24) - (202) 225-2706 #tcot #p2	negative	wding		
121854886.0	TheRealMike76	POLLING PROOF: VOTE YES TODAY -- SAY BYE BYE IN NOV @frankpallone @repperlmutter @cbrangel #tweetcongress #hcr...	negative	wding		
16984304.0	mikewaters	POLLING PROOF: VOTE YES TODAY -- SAY BYE BYE IN NOV @frankpallone @repperlmutter @cbrangel #tweetcongress #hcr...	negative	wding		
22069212.0	Laura__Martin	RT @atdleft: http://bit.ly/btHfOe Stupak folds, Obama exec order here, #hcr now set to pass	neutral	wding		
19739126.0	ChiefDeputyWhip	RT @BuckMcKeon VFW: #HCR Bill Betrays Veterans- dsn't protect #hc programs for vets, service-members or their families http://ow.ly/1p5jt	negative	wding		
16082787.0	slackadjuster	Congrats to all of you that have debated blogged called E-mailed tweeted There were setbacks advances ! THIS #HCR PARTY IS FOR U	positive	jbaldridge		
14129299.0	nicopitney	As @RyanGrim notes, with the Stupak crowd in hand, Pelosi would now have had enough votes for a public option #hcr	neutral	supadhyay		
44902087.0	Sr_Lisa	Our blood is on #Stupak 's hands if #hcr passes today.	negative	supadhyay		
14960700.0	Populista	I'm proud to have you as the cook Rep. Slaughter. You rock. #hcr #ptdb	positive	supadhyay		
63139415.0	TheCalif4nian	@AlanGrayson Millions of Americans are holding their breath today, hoping to learn if they'll finally be able to see a doctor tomorrow. #HCR	neutral	supadhyay		
18464266.0	peterdaou	Seriously, Republicans shouldn't be so dismayed. After all we're talking about helping more Americans get health coverage #hcr	positive	supadhyay		
14832751.0	cboyack	Don't vote ''yes'' because you feel it's good for America. Vote ''yes'' b/c you were bribed or lied to, having not read the bill yourself. #hcr	negative	supadhyay		
40471894.0	DesireePaquette	RT @amy_vrwc: SEIU busing in protestors to the Hill...if you're a patriot in the DC area, get to the Hill NOW. #tcot #hcr #killthebill	negative	supadhyay		
56864092.0	RepMikeQuigley	Mike will vote 'yes' on health care provided there is no compromise on choice in the bill #hcrvote http://bit.ly/aFCr3U	neutral	supadhyay		
33276380.0	RebelRx06	I'm taking a break from this healthcare mess and watching the Rockies vs Royals!  Go Rockies!  #killthebill #hcr #Rockies	neutral	supadhyay		
59171312.0	bemusedmuse	Every single person I encounter wants #HCR, this bill & a whole lot more. Along w/ my prof. org and Catholic hospital I work for. Get a grip	positive	supadhyay		
60113766.0	Conservativeind	Obama's #HCR bill is going to KILL 700,000 jobs, NOT CREATE THEM. #p2 #tcot #hc http://bit.ly/bNZDyb #gopcodered	negative	supadhyay		
24431892.0	markos	RT @nicopitney: As @RyanGrim notes, with the Stupak crowd in hand, Pelosi would now have had enough votes for a public option #hcr	neutral	supadhyay		
120327191.0	burntpowder	RT @Conservativeind: Obama's #HCR bill is going to KILL 700,000 jobs, NOT CREATE THEM. #p2 #tcot #hc http://bit.ly/bNZDyb #IMPEACH #TREASON	negative	supadhyay		
11270992.0	OpenCongress	The cool-as-heck ''Whipometer'' by @slate puts the chance of #hcr now passing at 98% with Stupak's support: http://www.slate.com/id/2247673/	neutral	supadhyay		
820694.0	blogdiva	if it is going to protect 11,000 families from bankruptcy, then RADICALIZE ME --Rep Alcee Hastings on #HCR	positive	supadhyay		
6685382.0	Thatcher	State of Florida to file suit the moment Obama signs #hcr	neutral	supadhyay		
23208160.0	IKIDYOUNOT	RT @Thatcher: State of Florida to file suit the moment Obama signs #hcr	neutral	supadhyay		
21541548.0	andilinks	#hcr is just 'foot in the door' for total control, they want it all-Alinsky Marxists... #tcot #p2 #gop #sgp #tlot #ocra #ucot #hhrs #teaparty	negative	supadhyay	Larger government is probably a more apt target here	
7074742.0	PeterKinder	Caddell, continued: ''... This (#hcr) is political Jonestown.'' #pdk #tcot #teaparty #NewCongress	negative	supadhyay	Is this news or would the Jonestown reference make it negative?	
11270992.0	OpenCongress	If you're in #hcr land too, check out our page for the Reconciliation Bill: summary, links, news & blog coverage: http://bit.ly/bx9hAf	neutral	jbaldridge		
34537273.0	KamaainaInOC	RT @wickedpoptart RT @amy_vrwc: SEIU busing in protestors..if ur a patriot in the DC area, get to the Hill NOW. #tcot #hcr #killthebill RT!	negative	supadhyay		
16209123.0	MariaNYC	RT @EmpowerdPatient: As a stage 4 cancer fighter, #HCR may not come in time 4 me (4 yrs is 2 far out), but I'll B glad 4 millions of others.	positive	supadhyay		
20144541.0	imcrazyriter	This is NOT about our health anymore than the FLOTUS obesity speel is about our hips! It is about Control and Power! #TweetCongress #hcr	negative	supadhyay		
23789163.0	WVTaxTeaParty	Rep. Rahall's phone lines are now working! - Call him and tell him what you think about his YES vote on #HCR. | 202-225-3452 #WV03	negative	jbaldridge		
24431892.0	markos	RT @KatrinaNation My favorite provision of #hcr is tax on tanning booths. Now Boehner can eat crow 3x a week.	neutral	supadhyay		
99589232.0	JohnThune2012	Today we are reminded ->> ''Freedom is never more than one generation away from extinction.'' ~Ronald Reagan #HCR	negative	supadhyay		
16017195.0	jodmentum	Someone should ask for consent to revise and extend their remarks in opposition to this poopy health care bill. just to mix it up. #HCR	negative	supadhyay		
101304929.0	ollieblog	26 year olds are considered ''children'' in Obama's America #tcot #hcr #gopcodered	negative	supadhyay		
17518344.0	keder	The worst part of this health care bill is the obscene accountin gimmicks that would land any CEO behind bars. #hcr	negative	supadhyay		
37759047.0	NYT_JenPreston	We're looking for your comments on #hcr to include on our homepage.  Use #nythcr. (Live blogging here: http://nyti.ms/2V9nOo)	neutral	supadhyay		
99710808.0	kanjo4congress	Cong.Paul Kanjorski (PA-11) @Kanjo4Congress tells @WILKNewsRadio he will vote ''YES'' on #hcr	neutral	speriosu		
14129299.0	nicopitney	RT @markknoller Anticipating victory, Pres. Obama to make East Room statement tonight after House final passage of #HCR legislation.	neutral	jbaldridge		
65992273.0	mcwbr	Don't forget grandma. It kills grandma, too. That's the best part. Hail, Satan. #hcr #p2 #tcot	negative	supadhyay		
59171312.0	bemusedmuse	RT @Drsforamerica Doctors, nurses, hospitals support #hcr bill. Health professionals know we need this bill to pass. #hcr #tcot #GOPwaterloo	neutral	supadhyay		
15970820.0	virgiltexas	FLASH Protesters throw bottles at Capitol, possibly explosives: http://bit.ly/69WAd5 #hcr #teaparty #obamacare #killbill #healthcare #gop	neutral	supadhyay	news	
26714962.0	Reenit	RT @xXxLiLxSM0K3xXx: RT @RyWeezy: What's even better is you won't see anything for 4 years, but you'll start being taxed IMMEDIATELY. #hcr #	negative	supadhyay		
15511055.0	avivao	RT.@Drsforamerica Doctors, nurses, hospitals support #hcr bill. Health professionals know we need this bill to pass. #hcr #p2 #p2b	positive	jbaldridge		
27271568.0	ViralExistence	RT @avivao: RT.@Drsforamerica Doctors, nurses, hospitals support #hcr bill. Health professionals know we need bill to pass. #hcr #p2 #p2b	positive	jbaldridge		
17412394.0	TheMoveRight	Breaking: ``Fix'' Bill May Not Advance In Senate  http://wp.me/ptRgU-f9 #tcot #hcr #healthcare #killthebill #teaparty #tlot #rs #redco	negative	jbaldridge		
55018701.0	EvanGlassCNN	Nearly 60 GOP mebers have asked to ''revise and extend'' their remarks ''in opposition to this flawed health bill.'' #hcr	neutral	jbaldridge		
15729622.0	HowDoYouKnow	RT @JLocher1: http://ow.ly/i/N45 VIEW from the Speaker's Lobby at noon today of the incredible crowd rallying against this #HCR bill.	negative	jbaldridge		
16434558.0	LyndaOFA	Latest prediction on #HCR schedule today, from Politico: http://bit.ly/c73GhJ #OFA #p2	neutral	jbaldridge		
17502790.0	elprofe316	#HCR:  A Black President.  Jesse Jackson's son presiding over the House.  A line of Republicans in opposition.  History?  Bet your ass.	positive	jbaldridge		
19148913.0	mpthomas1	@kanjo4congress Thank you, Congressman Kanjorski, for doing the right thing & voting for #hcr	positive	speriosu		
55619001.0	donnakay2010	RECONCILIATION ``FIX'' BLOCKED BY LAW @jim_moran @jimoberstar @jaredpolis #tweetcongress #hcr http://bit.ly/CannotReconcile	negative	jbaldridge		
3141991.0	jcbeam	#hcr protesters now forming a human ''NO'' outside.	neutral	speriosu		
79220699.0	Momeswrath	Rpblcn fallback position: If #HCR passes, the ''real'' vote will take place in Nov. when ''the American ppl'' correct this mistake. Blow me.	negative	jbaldridge		
34776514.0	TripppleR	He got GULLY at the end. ''If it's good enough the Iraqis it's good enough for Americans.'' #HCR #Cspan	unsure	jbaldridge		
40692887.0	iDefendFreedom	RT @RedDevilRio: RECONCILIATION ``FIX'' BLOCKED BY LAW @jim_moran @jimoberstar @jaredpolis #tweetcongress #hcr http://bit.ly/CannotReconcile	negative	jbaldridge		
51294103.0	dabzs	RECONCILIATION ``FIX'' BLOCKED BY LAW @kendrickbmeek @gregorymeeks #tweetcongress #hcr http://bit.ly/CannotReconcile	negative	jbaldridge		
7702542.0	DLoesch	What was that stat? 14 big ins companies' profits for 1 yr only totals to 3 days of #hcr spending? Yeah.	negative	speriosu		
14344823.0	Senate_GOPs	ABC News: Senate Fight Starts: GOP Says Senate Parliamentarian Will Kill Fix-Its Bill http://bit.ly/cfkAT5 #tcot #handsoff #hcr	negative	jbaldridge		
17223014.0	VeronicaDLCruz	US ranks 50th in LIFE EXPECTANCY http://bit.ly/9d4Cxw Europe, with their universal health care system, ranks #1 #HCR #ERIC	positive	speriosu		
26714962.0	Reenit	RT @kansaspider: RT @_HughBris: If this passes, We The People are no longer represented by those in DC. #killthebill #hcr < or #ReVolt !!	negative	speriosu		
18176907.0	DanRiehl	RT @Senate_GOPs: ABC News: Senate Fight : GOP Says Senate Parliamentarian Will Kill Fix-Its Bill http://bit.ly/cfkAT5 #tcot #handsoff #hcr	negative	jbaldridge		
55018701.0	EvanGlassCNN	Aside from voting on ''the rule'' for #hcr, the House is also voting to recognize Cold War Veterans and aviators in the armed forces	neutral	jbaldridge		
21044127.0	BluegrassPundit	Demo Rep. Wasserman Schultz: The Executive Order Stupak Loves is  Meaningless: http://bit.ly/cyGjWe #tcot #hcr #killthebill	negative	speriosu	#killthebill	
17934084.0	ConservativeLA	CodeRed says Dems have 216 with only Kanjorski (PA-11) and Berry (AR-01) undecided :-(  #killthebill #HCR #codered #tcot	negative	speriosu	#killthebill	
36539277.0	CeceSurfCityUsa	RT @emgtay: RT @Jenfidel:  Today we are reminded > ''Freedom is never more than one generation away from extinction.'' ~R Reagan #hcr	negative	jbaldridge		
7730052.0	shanevanderhart	@timpawlenty I think Congress has been disconnected from reality for quite some time.  Today is just further proof.  #TCOT #hcr #killthebill	negative	jbaldridge		
19152977.0	faraichideya	RT @Shoq: If the Senate bill passes, here's what happens immediately. http://bit.ly/9ZUvdT #hcr	positive	jbaldridge		
102872327.0	YankAirPirate	RECONCILIATION ``FIX'' BLOCKED BY LAW @tomperriello @chelliepingree @timryan #tweetcongress #hcr http://bit.ly/CannotReconcile	negative	jbaldridge		
18891923.0	GOPWhip	But we Republicans hear you, loud & clear #hcr #handsoff #hc #tcot	negative	jbaldridge		
19416225.0	whpresscorps	THIS READS LIKE THE #HCR BILL - RT @chucktodd TkJDIE5ld3M6IG11bHRpcGxlIHNvdXJjZXMgc2F5IFN0dXBhayBpcyBhIHllczsgcHJleiBleGVj IG9yZGVyIGxhbmd1Y	negative	jbaldridge		
102872327.0	YankAirPirate	RECONCILIATION ``FIX'' BLOCKED BY LAW @maxinewaters #tweetcongress #hcr http://bit.ly/CannotReconcile	negative	jbaldridge		
20459426.0	HawkieFriend	In The Bill:  Page 429 Lines 1-9: An  ''advanced-care planning consultant'' will be used  frequently as a patient's health  deteriorates. #hcr	negative	jbaldridge	reference to death panel sort of thing	
29087577.0	jcpollock	Tommy Douglas was founder of  universal healthcare in Canada. Keifer Sutherland is Tommy Douglas' grandson -Shout out of thanks #yyc #hcr	positive	jbaldridge		
47632905.0	Jordanfabian	House now taking a big procedural vote on the #hcr legislation.	neutral	jbaldridge		
25542877.0	snarkandboobs	Sadly, today truly gives new meaning to that whole ''I'm so angry I'm seeing Red'' thing. #hcr	negative	jbaldridge		
23970626.0	Hunter7Taylor	Georgia legislature introduced bill (SB317) to give us a right to choose #hcr or not.  Georgians will not be jailed if we have no #hcr.	negative	jbaldridge	Not sure...	
17814354.0	jaysimpson	RT @hch242 RT @RepKevinBrady: Retweet this if you are against a government takeover of health care #hcr #tcot #gop #txgop #handsoff #codered	negative	jbaldridge		
76185102.0	RepToddTiahrt	I am fighting this bill with every move I can come up with. I am calling for parliamentary inquiry! #tcot #hcr #realdeal	negative	jbaldridge		
59900755.0	ColleenKasp	There is a God!! RT @nytimes    Your thoughts on health care reform now that Democrats have the votes to pass a #hcr bill? Include #nythcr.	positive	jbaldridge		
121812028.0	Pontifico1	Congress-Please don't sell out our children's futures and destroy our country with this abomination #hcr #killthebill #healthcare	negative	jbaldridge		
20110855.0	alex_ruiz	Jack Bauer's granddad founded universal health care in Canada. If you're against it, you can no longer watch 24;) @jcpollock #hcr	irrelevant	jbaldridge		
15976697.0	michellemalkin	Final tally on procedural vote on rules for debate: 228-202. #hcr	neutral	jbaldridge		
124309322.0	old_aldy1	Declaration of Dependence #HCR #teaparty #hc #tcot #gop #obama #democrats http://old-aldy.xanga.com/723802160/declaration-of-dependence/	negative	jbaldridge		
15976697.0	michellemalkin	15 minute recorded vote now underway, general debate to follow. #hcr	neutral	jbaldridge		
4214321.0	mattison	Gergen: Democrats have been dreaming of this for 60yrs. Obama now has a legacy. First president to achieve near universal coverage. #p2 #hcr	positive	jbaldridge		
16890518.0	ConnieHair	Entire reconiliation bill cld b thrown out. MUST READ Senatre bill wld become law without ''fixes'' http://bit.ly/bKMldi #tcot #hcr	negative	jbaldridge		
65785383.0	blackjedi47	RT @SandiBehrns: How many of those 228 are going to stick with yes thru 2 more votes? #hcr #p2 //All of em Better!	positive	jbaldridge		
14274132.0	JPBarlow	Another reason to pass #HCR: If Obama can pull this off, he can start acting like he actually has a mandate	positive	jbaldridge		
16572534.0	marvmiller	I am happy that #hcr is going to pass. But I want a system like France's health care. Read on... http://bit.ly/1qhugZ	positive	jbaldridge		
18739458.0	Zener39	RT @donnakay2010    RECONCILIATION ``FIX'' BLOCKED BY LAW @neilabercrombie @reptammybaldwin #tweetcongress #hcr http://bit.ly/CannotReconcile	negative	jbaldridge		
77062281.0	SandiBehrns	Vote done. Passes 224 to 206. Here we go.....#hcr #p2	positive	jbaldridge		
26777550.0	Shopfloor_NAM	Rule passed 224-206.  Rep Space (OH) will be a no vote. #hcr (rm)	neutral	jbaldridge		
31127446.0	markknoller	House rule for tonight's #HCR debate passes 224-206. All Republicans and 28 Dems vote against.	neutral	jbaldridge		
58247611.0	DyingSpirit	@slywy I'de bet U didn't read the bill #hcr so U dont know whats in it. That makes U a fool especially cuz U can see it fm ur house.. lol	irrelevant	jbaldridge	this is part of some comment to another person	
19970336.0	adamleben	Health Care for America NOW, watch the #CSPAN Health Care Reform Debate and Vote live now today #hcr #dem @ http://bit.ly/csPchF #ff	positive	jbaldridge		
15220768.0	DavidCornDC	224 votes for the House rule should mean 224 votes for the #hcr bill. A healthy margin?	positive	jbaldridge		
84162848.0	imranski	Yes we did. Again. #hcr	positive	jbaldridge		
16434558.0	LyndaOFA	Don't forget to volunteer for Reps who fight for #HCR: http://bit.ly/9FF2OX #OFA #p2	positive	jbaldridge		
18891923.0	GOPWhip	Pls RT: Dems' trillion dollar #healthcare overhaul will take America in the wrong direction #handsoff #hc #hcr #tcot #gop	negative	jbaldridge		
22012091.0	LeaderHoyer	Turn on #CSPAN - I will deliver the opening statement of the final debate on #HCR in a few minutes after this series of votes.	neutral	jbaldridge		
17924677.0	gatewaypatriot	As #Obamacare is on the horizon, so is a massive thunderstorm here in Northern VA... ironic??? #tcot #teaparty #obamacare #hcr	negative	jbaldridge		
7713202.0	GOPLeader	Bill Burck & Dana Perino: The Executive Order Farce http://ow.ly/1p7QD #hcr (via @NROcorner)	negative	jbaldridge		
27049076.0	ppnne	WHOA, could we actually be getting #HCR?  RT @PPact key moment: dems have more than 216 votes to move forward!	positive	jbaldridge		
13491312.0	timryan	The rule for #hcr has passed-- we've cleared the way for final passage. History will be made this evening. #fb #p2	positive	jbaldridge		
87730555.0	ConservTXDiva	RT @michellemalkin: Final tally on procedural vote on rules for debate: 228-202. #hcr #tcot	neutral	jbaldridge		
23966894.0	HappyFeminist	Photo: #HCR hotness. http://tumblr.com/x6i7odks6	positive	jbaldridge		
18891923.0	GOPWhip	This government must stop spending money it doesn't have #hc #hcr #healthcare #handsoff #tcot #gop #ocra	negative	jbaldridge		
15954997.0	repblumenauer	1 vote down, 2 to go before the House finishes its job on #hcr. 224 yes on rule makes me predict 219 to 222 votes for final passage-needs216	neutral	jbaldridge		
15220768.0	DavidCornDC	Hoyer: Don't like govt health care? Then let's can the VA and Medicare. #hcr	negative	jbaldridge	though it seems sarcastic to hcr naysayers, can't say for sure	
16441196.0	CrimsonMama	RT @mollyhooper GOP Rep. Joseph Cao (La.) tells me he will NOT support the #hcr bill. Cao was only GOP vote for http://tl.gd/j1300	neutral	jbaldridge		
32517594.0	RonSupportsYou	2 @AssassinGrl Before the #hcr vote is not a good time to attack anti-choice Democrats in Congress who say they plan to vote for #hcr.	positive	jbaldridge		
7234682.0	QueenofSpain	I'm sending a little something to the Nuns that stood for #hcr https://secure.groundspring.org/dn/index.php?aid=20530 join me in thanks	positive	jbaldridge		
24854688.0	shannynmoore	RT @Marnus3: It's feels all hopey, changy tonight, doesn't it @SarahPalinUSA? Not anything like losey, quitty. #p2 #hcr	positive	jbaldridge		
20182089.0	WestWingReport	The President working the phones in the Oval Office, looking for #hcr votes. (WH Photo/Pete Souza) http://bit.ly/cBlcAA	neutral	jbaldridge		
24795477.0	sunnystill	To all my Medicare patients whose medicine I paid for when the donut hole hit: You were worth it then, you are worth it now. #HCR	positive	jbaldridge		
12414952.0	RandyHaddock	Democrats worried about GOP motion to recommit on Stupak language http://bit.ly/bK4wbR #hcr	neutral	jbaldridge		
7713202.0	GOPLeader	RT @cathymcmorris: Rep. Paul Ryan just summarized it best: ''This bill is a fiscal Frankenstein'' #hcr	negative	jbaldridge		
65360070.0	ovidein2010	Congress there is still time...don't ignore American voices, there WILL be consequences #hcr #tcot #nhgop #nhsen	negative	jbaldridge		
35132974.0	CooperRepublic	RT @ConnieHair: Democrats worried about GOP motion to recommit on Stupak language - TheHill.com: http://bit.ly/dbzvqo #hcr #tcot	neutral	jbaldridge		
113795039.0	QueenRetweeta	There is hope for America #hcr #herman	positive	jbaldridge		
24733117.0	jilevin	Show Congress who you're fighting for, and why health reform means so much to so many people: http://bit.ly/cCD6NB #hcr #p2 #topprogs	positive	jbaldridge		
25767757.0	bashir_o	Quick Q on #hcr: can my Libyan relatives (no papers, heh) get elective surgery this month or will they have 2 wait til next yr? #tcot	negative	jbaldridge		
18891923.0	GOPWhip	This government must stop piling debt onto our nation's children & grandchildren #hc #hcr #healthcare #handsoff #tcot #gop #ocra	negative	jbaldridge		
18104918.0	Chillyourbeans	I can't imagine the pressure of living without healthcare, especially for people with children. Who in their right mind would oppose #hcr?	positive	jbaldridge		
8633.0	rprather	Cold hard fact: Those opposing #hcr are mostly heartless, greedy, uncaring, politically entrenched conservatives	negative	nsudan		
78599720.0	OFA_VA	http://tinyurl.com/y8z9ek5 President Obama is working the phones for #HCR today. Are you? Click here to help make history http://bit.ly/d-rp	positive	jbaldridge		
98646282.0	WAWilsonIV	I oppose this bill pretty ferociously, but I gotta admit a lot of the R attacks on it are mutually contradictory. #hcrPLUS	negative	jbaldridge		
7004382.0	edlabordems	RT @LeaderHoyer - Rep. Issa (R-CA) was just on #CSPAN, falsely claiming that #HCR contains special deals #FactCheck http://go.usa.gov/ilA	positive	jbaldridge	This is a complex one	
68956490.0	RedScareBot	Most unheard of RT @emilydawnlove this Canadian wishes the Americans luck passing your commie healthcare reform tonight! #HCR	positive	jbaldridge		
980611.0	Karoli	RT @Meryl333: I am so proud of #Obama and the Democrats for getting their act together!  YES. YES. & YES !  #HCR	positive	jbaldridge		
44202805.0	OneGoodDan	Mayo #hcr recommendations: http://www.mayoclinic.org/healthpolicycenter/pdfs/viewpoint4.pdf. Pay for value, cover everyone, do it now.	positive	jbaldridge		
31127446.0	markknoller	CBS colleague @jacksonjk reports latest guidance that House vote on #HCR may not happen till after 10P/ET & reconciliation after 11p.	neutral	jbaldridge		
16122121.0	Noetical	Watch the LIVE VIDEO of the house debate on #HCR: http://bit.ly/bQczaQ @CSPAN offers gavel to gavel coverage #p2	neutral	jbaldridge		
11203972.0	jtLOL	And the thing of it is, you can't even threaten to move to Canada. Any minute now, we'll BE Canada. #hcr	negative	jbaldridge		
20111100.0	wethepeopleusa	@GlennBeckClips BREAKING: Americans vow 2 file Tax Extensions on April 15 2 protest #HCR passage. LEGAL way 2 w/hold $ from Govt-Pls. RT	negative	jbaldridge		
14412533.0	TheFix	A GREAT primer on what we know (and what we don't) about the health care vote tonight. http://ow.ly/1p8u8 #hcr	neutral	jbaldridge		
58845769.0	pauline_ma	@JoAnneMoretti Hey Pelosi. The Hindenburg & Titanic were historic too.\n#tcot #tlot #teaparty #hcr #sgp #gop #ocra #iamthemob #ucot	negative	jbaldridge		
15968882.0	cassyfiano	LMAO! RT @jimmiebjr @Benishek, I don't care if your platform includes a giant laser & a secret lair. If you help repeal #hcr, I'm with you.	negative	jbaldridge		
14346779.0	Wise_Diva	Watching history unfold #HCR	positive	jbaldridge	Had to look at the profile	
19296440.0	ProudoftheUSA	RT @mcjusa: EVERY SINGLE ONE OF THESE SELF RIGHTEOUS WHORES EXEMPTED THEMSELVES FROM THIS WONDERFUL #HCR LAST NITE Heloooooooo #p2#hcrWAKEUP	negative	jbaldridge		
19398122.0	RhettFast	Want to experience raw torture? Watch C-Span right now. A bunch of blind buffoons destroying America with each spoken syllable. #hcr	negative	jbaldridge		
24101774.0	SethP23	Guys, just got back from my accountant's who is a small business owner. He supports #HCR #p2	positive	jbaldridge		
15976988.0	schmiss	Mr. Rogers? I have no doubt the REAL Mr. Rogers would support #hcr.	positive	jbaldridge		
7713202.0	GOPLeader	FACT CHECK: More Than Half-A-Trillion Dollars in Medicare Cuts http://ow.ly/1p8sI #hcr	negative	jbaldridge		
8512722.0	CharlieSmith	RT @TheFix: A GREAT primer on what we know (and what we don't) about the health care vote tonight. http://ow.ly/1p8u8 #hcr	neutral	jbaldridge		
38021361.0	baseballcrank	Steyn summarizes the fundamental change away from America as we have known it wrought by the #hcr bill http://is.gd/aS7AO #rsrh	negative	jbaldridge		
18038964.0	LibertysKeeper	RT @FlyingPatriot: I am so proud of @GovernorPerry and @GregAbbott_TX for taking the first steps in stopping this unconstitutional #HCR	negative	jbaldridge		
14289923.0	jaelithe	Rep. Jan Schakowsy from my neighbor state across the river is SERIOUSLY fired up in favor of #HCR right now on CSPAN.	neutral	jbaldridge		
21220931.0	RussertXM_NBC	Pre #hcr final vote DJ-ING: This one for Mr. Boehner http://bit.ly/8aQR7P	positive	jbaldridge		
17903209.0	SusanHW	Today is a momentous day. Today we lose our right to choose. http://tinyurl.com/yh5qojf ''Give me Liberty or give me death!'' #hhrs #tcot #hcr	negative	jbaldridge		
16733030.0	MeredithGould	Very proud of RC religious who have spoken out FOR #hcr. Go sisters! You basically invented US healthcare, your opinion counts.	positive	jbaldridge		
21220931.0	RussertXM_NBC	Pre #hcr final vote DJ-ING. This one for President Obama: http://bit.ly/4mqvZ6	positive	jbaldridge		
56572080.0	ArrghPaine	By the end of this day our Union will be more perfect than when the day began, amen to that. #p2 #hcr #OFA	positive	jbaldridge		
40471894.0	DesireePaquette	RT @Doraknob: RECONCILIATION ``FIX'' BLOCKED BY LAW @maxinewaters #tweetcongress #hcr http://bit.ly/CannotReconcile	negative	jbaldridge	Looked at profile	
23994835.0	KGPrice775	Club sensation DJ @RusserXM_NBC picks a hot cut. RT: Pre #hcr final vote DJ-ING. This one for President Obama: http://bit.ly/4mqvZ6	positive	jbaldridge		
18030431.0	JudgeCarter	RT @GOPLeader FACT CHECK: More Than Half-A-Trillion Dollars in Medicare Cuts http://ow.ly/1p8sI #hcr	negative	jbaldridge		
18891923.0	GOPWhip	It's an agenda that attempts to seize more control over the economy & our lives #hc #hcr #healthcare #handsoff #tcot #gop	negative	jbaldridge		
27928942.0	Kasons4	RT @PecosRoyBean: How many deals were made in the Congress Gym Showers  and Bathrooms... forget the backrooms! #ocra #tcot #sgp #hcr  #p2	negative	jbaldridge		
22509548.0	DarrellIssa	RT @GOPLeader DEMOCRAT #HCR FACT CHECK: More Than Half-A-Trillion Dollars in Medicare Cuts http://ow.ly/1p8sI #hcr	negative	jbaldridge		
31057963.0	southsalem	RT @Jeremycrow4life: 17,000 new IRS agents .. Not 1 new Doctor .. That's governments idea of healthcare #hcr #tcot #tlot #teaparty #ocra	negative	nsudan		
38734989.0	claycopolitics	What is Rep. Neal talking about!? HA HA HA #Medicare is in our DNA? So is bankrupt public systems that don't work. #HCR	negative	jbaldridge		
78158765.0	marcantonio74	Map of countries with universal health care http://bit.ly/cHRC4 There's a sad, grey area in the western hemisphere. #US #hcr	positive	jbaldridge	A hard one for a machine!	
21286108.0	rsmccain	If you're getting a migraine from this #hcr debate, that pre-existing condition will be covered . . . in 2014	neutral	jbaldridge	#humor	
74515918.0	OhioYRs	Rep Linder ''This has never been about health care. This is about government.'' #hcr #tcot	neutral	jbaldridge		
16413098.0	Hari_Raja	IF WE HAVE MONEY TO FIGHT PEOPLE, WE HAVE MONEY TO HEAL PEOPLE #hcr #tcot #obama #cspan	positive	jbaldridge		
19128897.0	HopeChat	RT @stevekimura: RT @SarahPalinsHand: @CongJoeWilson #hcr bill will deprive ppl of freedom 2 die at a vry yng age from a treatable cond. #p2	positive	jbaldridge		
21286108.0	rsmccain	ObamaCare: It will cure the pre-existing condition known as freedom #hcr	negative	jbaldridge		
59171312.0	bemusedmuse	Um... a bill that supports the for-profit status quo without even a public option to compete is socialized medicine? Get a grip #tcot #hcr	positive	jbaldridge		
96616508.0	badfeminist	where is the #prochoice outrage?  this #hcr sounds alot like a national GAG rule.	negative	jbaldridge		
15667313.0	sklopfer	John Lewis says we have a moral obligation to make #hcr a moral obligation...we cannot wait and we cannot be patient. Civil rights pioneer.	positive	jbaldridge		
62937003.0	DaffyPA	What friggen Utopia? Bankrupsy, Foreclosure, Illness, Death??? STFU!!! #hcr #c-span	positive	jbaldridge	Needed to look at the profile.	
40615400.0	JoeKenHa	If you're going to side with the American People then #killthebill. #tcot #hcr	negative	jbaldridge		
35761278.0	despinakarras	RT @irishspy: RT @rsmccain: ObamaCare: It will cure the pre-existing condition known as freedom #hcr	negative	jbaldridge		
7713202.0	GOPLeader	FACT CHECK: ``Healthcare Bill Would Add Billions To The Country's Debt'' http://ow.ly/1p8zC #hcr	negative	jbaldridge		
19409472.0	cprater	RT @southsalem: RT @ianessling: Rep. Linder: ''This has never been about healthcare. It's been about govt.'' YES!  #tcot #hcr #killthebill	negative	jbaldridge		
18916061.0	EricBauman	Nunes says ''this debate is not about the uninsured... it's about socialized medicine... say no to socialism. no to totalitarianism!'' #hcr	negative	jbaldridge		
21486588.0	tanyabachand	Rep. Brown-Waite you go girl! #hcr #killthebill	negative	jbaldridge		
17495348.0	mikefacey	Shut up and pass the bill already! #hcr #healthcare	positive	jbaldridge		
27513648.0	nikkibama	RT @rsmccain: ObamaCare: It will cure the pre-existing condition known as freedom #hcr #sgp #tcot #yrnf #killthebill	negative	jbaldridge		
21486588.0	tanyabachand	Cash under the mattress time, with passage of bill, govt has power to go into your checking account. #hcr #killthebill	negative	jbaldridge		
15174710.0	MomsRising	Pls tweet @lorettasanchez NOW2 vote YES on #HCR. 1/4 n CA uninsured-190,000 n her dist!	positive	jbaldridge		
18891923.0	GOPWhip	RT @GOPLeader FACT CHECK: More Than Half-A-Trillion Dollars in Medicare Cuts http://ow.ly/1p8sI #hcr	negative	jbaldridge		
8542882.0	ThadMcCotter	RT @GOPLeader FACT CHECK: More Than Half-A-Trillion Dollars in Medicare Cuts\nhttp://ow.ly/1p8sI #hcr	negative	jbaldridge		
15174710.0	MomsRising	@lorettasanchez Pls vote YES on #HCR. 1/4 n CA uninsured-190,000 n your dist. Families R counting on U. This is the 1st step. Thank you!	positive	jbaldridge		
23696410.0	BrentTeichman	Pelosi: ''This vote is historic.'' | Yeah, so was the Titanic. #HCR	negative	nsudan		
20819456.0	GetsGreased	#GOP: ''Democrats taking Americans on a head-long rush to Socialism.'' ''#HCR largest legislative transfer of authority to Govt in history'' #rs	negative	jbaldridge		
21486588.0	tanyabachand	If Americans need it ''now more than ever'' why are there ten years of taxes and 6 years of benefits, hmmm Rep Crowley? #hcr #killthebill	negative	jbaldridge		
77481257.0	5280tweety	Chin up Tweeties!  We'll only be a socialist country until Nov, 2010!   #p2 #tcot #killthebill #hcr #C-span	negative	jbaldridge		
21283587.0	DavidBugnon	RT @RepMikeCoffman: This bill contains so many sweetheart deals and giveaways.  It's sickening. #hcr #tcot	negative	jbaldridge		
20577356.0	bookofsand	Top 10 Immediate Benefits You'll Get When #HCR Passes http://bit.ly/cNShPj	positive	jbaldridge		
57849550.0	sarahbellumd	RT @cprater: We are being held hostage by our gov't. #HCR #killthebill	negative	jbaldridge		
7713202.0	GOPLeader	FACT CHECK: Burdensome Mandates, Higher Taxes = Proven Job Killers http://ow.ly/1p91d #hcr	negative	jbaldridge		
33977070.0	RepMikeRogersAL	RT @GOPLeader FACT CHECK: More Than Half-A-Trillion Dollars in Medicare Cuts http://ow.ly/1p8sI #hcr	negative	jbaldridge		
18401107.0	srudat	$1.55 TRILLION: Projected FY 2010 deficit-11x the 10 yr ''savings'' Dems claim #HCR will create by spending over $1T for gov takeover of #hc	negative	jbaldridge		
31127446.0	markknoller	Some House members getting only 30 or 45 seconds to state their position on #HCR during tonight's debate.	neutral	jbaldridge		
15985455.0	RepMikePence	RT @GOPLeader: FACT CHECK: Burdensome Mandates, Higher Taxes = Proven Job Killers http://ow.ly/1p91d #hcr	negative	jbaldridge		
18791763.0	KarlRove	Some great points by @danaperino and Bill Burck on the Executive Order trickery http://bit.ly/calIpH #TCOT #HCR	negative	jbaldridge		
17241517.0	argylestyle	Shorter GOP: this #hcr bill will cause the sun to burn out, everyone will turn gay & all kittens will die a horrible death.	unsure	nsudan	sarcastic??? 	
15292471.0	chrisgolden	Just wondering- when did the ''American people say no to this bill'' -- I'm pretty certain they said ''yes, we can'' in Nov. 2008 #hcr	positive	jbaldridge		
3497941.0	owillis	when people eventually like their #hcr, gop will realize the mistake in calling it ''obamacare''	positive	jbaldridge		
37501173.0	OneLuv918	RT @JBax52: YES WE CAN!  YES WE CAN! YES WE CAN! YES WE CAN! YES WE CAN! YES WE CAN! #HCR TODAY  &  #OBAMA2012	positive	jbaldridge		
53819217.0	diabhalta	@repblumenauer I am an OR college student studying in Ireland & watching the vote online. Thank you for supporting health care reform! #hcr	positive	jbaldridge		
18948075.0	MattGu3	Since this #hcr is so awesome, looks for the Dems  to pick up some seats in November. #wait,what??	negative	jbaldridge	#sarcasm	
60771486.0	RaklGps	RT @rsmccain: ObamaCare: It will cure the pre-existing condition known as freedom #hcr #GOP #tlot #teaparty #tcot	negative	jbaldridge		
76143381.0	WunderingAloud	BRAVO GentleWoman Debbie Wasserman-Schultz!!! ''The NIGHTMARE ENDS Tonight!'' #hcr @DWStweets <===FOLLOW!!!	positive	jbaldridge		
18190552.0	dyricci	...I'm not even Christian, but come on! Matthew 25:31-46 is just good sense! It's about humanity ppl! #HCR   #healthcare	positive	jbaldridge		
45456873.0	LynCKos	Shut up, u lying whiners. We, the American people cast our votes for #hcr when we elected @BarackObama president. #p2	positive	jbaldridge		
17241517.0	argylestyle	You do realize it was the passage of Medicare that caused unicorns to become extinct. #hcr #icanmakeupshittoo	negative	nsudan		
60180942.0	JennLRyan	All #Dems should be listening to Tom Price (R). He's a doctor and actually knows what HE is talking about. #codered #hcr #killthebill	negative	jbaldridge		
21356559.0	utbrp	O.K. enough of these Repiggie  lies, ...Lets Vote.  #HCR	positive	jbaldridge		
16170966.0	barbwire55	Create the socialist utopia! Create the socialist utopia! Create the socialist utopia! I'm ready comrades, are you? #hcr	negative	nsudan	sarcastic	
17223014.0	VeronicaDLCruz	@thedrich The GOP is out of touch. If they truly believe what they say, they should forfeit their #HC & join the rest of America #HCR #ERIC	negative	nsudan		
23966894.0	HappyFeminist	Woolsey: c-sections, pregnancies, & domestic violence injuries are all grounds to deny health coverage currently. Women need #HCR!	positive	nsudan		
20118774.0	Flipbooks	10 immediate benefits you'll get when health care reform passes (HuffPost) http://bit.ly/d3KCvF #HCR #News	positive	speriosu		
38426752.0	JacksonForIndy	The student loans in the bill are already funded by the US government! #hcr #idiotrepublicans	positive	nsudan		
7713202.0	GOPLeader	FACT CHECK: ``Premiums Are Likely To Keep Going Up'' http://ow.ly/1p9eM #hcr	negative	nsudan		
15009171.0	msbellows	GOP must not like the Bible much: too many pages, took too long to finish, not written in public. #hcr	negative	nsudan	sarcastic	
78082975.0	DivasMPH	Being a Woman is a pre-existing condition'' Rep Lynn Woolsey (D) California (via @tashathefox) Take a stand 4 women's health! Support #hcr!	positive	nsudan		
31057963.0	southsalem	RT @MelissaTweets: RT @GOPLeader: FACT CHECK: ``Premiums Are Likely To Keep Going Up'' http://ow.ly/1p9eM #hcr	negative	nsudan		
31057963.0	southsalem	RT @toddeherman: RT @EWEverson: Rep. Courtney lies, says #hcr bill will giv U & I the same HC as members of Congress! |Total lie	negative	nsudan		
19572860.0	OregonYankee	As a #Catholic & exec on a Catholic #healthcare system, I'm appaled the Catholic Health Assoc supports #Obamacare #tcot #prolife #hcr #hhrs	negative	nsudan		
15986207.0	silvermaneman	RT @Ruthanng Dear President Obama, Thank you for not giving up. #hcr	positive	nsudan		
20269254.0	Hegemommy	Rep. Kline, trust me, you are not listening to ALL your constituents.  #hcr #MNCD2	negative	nsudan	negative towards Kline as well	
20852423.0	JillStanek	First fallout: Susan B. Anthony List strips Stupak of ''Defender of Life'' award http://ow.ly/1p9ic #prolife #Prochoice #hcr	neutral	nsudan	commentary	
16082787.0	slackadjuster	RT @silvermaneman: RT @Ruthanng Dear President Obama, Thank you for not giving up. #hcr /@BARACKOBAMA @WHITEHOUSE	positive	nsudan		
14983059.0	BackpackingDad	I keep clicking the ''Sound Off'' button on the CNN feed of the #hcr debate, but it won't let me say anything. Keeps muting.	neutral	speriosu		
16502238.0	TheRiverWanders	OMG LOLd so hard I scared the dog. RT: @everydaywitch: #hcr will strengthen Al-Quada.  #icanmakeupshittoo	positive	nsudan		
48809111.0	adamputnam	How many A+ high school students decide against med school now so they don't work for fed govt? How much talent lost? #sayfie #hcr #tcot	positive	nsudan		
24881876.0	gallate	RT @I_eat_squirrels: For the record, I'm in favor of #healthcare. A friend committed suicide recently in part cuz she didnt have any. #hcr	positive	nsudan		
16335288.0	henrymcmaster	Getting ready to lead 9pm state AG conference call to begin legal action to protect states from unconstitutional #hcr  #tcot #sctweets	negative	jbaldridge		
40692887.0	iDefendFreedom	Say again...Dear #Lord: pls forgive #dems. They know not what they do. #hcr #prolife #stupak #tcot #constitution	negative	nsudan		
54748372.0	1oldcoot	FYI Teabaggers-This is just the tip of the Iceberg. Jesus had lots of other ideas we are going to pass next. \n#hcr #p2 #GOP #912 #iamthemob	unsure	nsudan	sarcastic??? #912 is a project which aims at restoring 9 principles of conservatism in U.S	
107191757.0	ucbook	RT @OwenBrennan: When you can't get an #Obamacare Doc to see you, will ''Hope'' be considered pre-existing condition? #tcot #hcr #killthebill	negative	jbaldridge		
15976697.0	michellemalkin	Tune in @reppaulryan speaking around 855pmET on House floor - http://twurl.nl/iws30m #hcr	neutral	jbaldridge		
18385910.0	TellTheTruth1	I Will Never Comply W/Obama Uncare'' on Patriotic Resistance: http://ning.it/9viNOr #tcot #hcr #teaparty #912 #teaparty #phnm	negative	jbaldridge		
7004382.0	edlabordems	Chairman George Miller (@askgeorge) is now is speaking on the House floor in favor of #hcr	neutral	jbaldridge		
1284861.0	gothamnurse	Wow! A David Frum column I can find some agreement with. http://bit.ly/9iKLox Voting against common sense and good will is never smart. #hcr	positive	speriosu		
18808586.0	OwenBrennan	When kids don't want to become #Obamacare doctors, will Democrats order people to go to medical school? #hcr #tcor #killthebill #teaparty	negative	jbaldridge		
7713202.0	GOPLeader	RT @thenote Senate Fight Starts: GOP Says Senate Parliamentarian Will Kill Fix-Its Bill: http://ow.ly/1p9wd #hcr	neutral	jbaldridge		
21696279.0	brianbeutler	#hcr opponents Altmire, Berry, Tanner, and Teague voted FOR the rule.	neutral	jbaldridge		
20286254.0	HollandAC	Pathological greed & lack of compassion for fellow humans are both pre-existing conditions. Luckily, help will soon be available #hcr	negative	speriosu		
23188316.0	GuerrillaGsOT	Yes, we are engaged...to men/women who want #HCR!	positive	jbaldridge		
28682751.0	sarabialb	Rep Paul Ryan, you do not understand that The People of Hope gave you 70 years for #hcr and you did not LISTEN. Pres Obama did	negative	speriosu		
12420262.0	elizabethdehoff	OMG. Stop talking about health care reform and just reform the damn health care already, Congress! FFS! #hcr	positive	jbaldridge		
32708979.0	OFA_Illinois	Affordable, Quality Health Care for All: A Historic Journey''. Take a look at the history that led to #HCR (video): http://bit.ly/aNqlnY	positive	jbaldridge		
107191757.0	ucbook	RT @triordan: RT @usvoteout: PaulRyan:''bring down this bill & bring back the ideas that made this country gr8!'' #tcot #hcr #killthebill	negative	speriosu		
7713202.0	GOPLeader	RT @Senate_GOPs BREAKING: Health Care ``Fix'' Bill May Not Advance In Senate -- Details here: http://ow.ly/1p9wx #hcr	neutral	jbaldridge		
50729420.0	gwbertsch	This is the people's house, and the people don't want a government takeover of Health Care!!!'' Mike Pence #hcr #killthebill	negative	jbaldridge		
7713202.0	GOPLeader	FACT CHECK: Gov't Takeover of Health Care ``Remains Starkly Unpopular'' http://ow.ly/1p9Es #hcr	negative	jbaldridge		
18302004.0	jgray515	hey GOPers on c-span, imma let u finish, but i just wanted to let u know that goin to the hospital sucks right now, pass the bill! #HCR	positive	jbaldridge		
19658173.0	RepLynnJenkins	RT @GOPLeader FACT CHECK: ``Premiums Are Likely To Keep Going Up'' http://ow.ly/1p9eM #hcr	negative	jbaldridge		
19084896.0	TheRickWilson	RT @adamputnam: Health bill hires 16,500 IRS agents, not 1 Dr. What's wrong with that math? #sayfie #hcr #fltcot #tcot	negative	jbaldridge		
72580029.0	rightinillinois	RT @keder: RT @Conserv79: RT @wethepeopleusa: The French just called, they asked for the Statue of Liberty Back. #tcot #hcr #killthebill	negative	jbaldridge		
14098607.0	jkfecke	Let me say it: On #hcr, Washington does know better than the people. Also, my oncologist knows more about cancer than I do.	positive	jbaldridge		
9098632.0	jesserker	My parents love the #hcr tweets - made tweeting @ dinner slightly more acceptable. Hope mom doesn't try to join Twitter ((gasp))	neutral	speriosu		
60477859.0	StopTaxingUs	RT @Jeremycrow4life\n  \n17,000 new IRS agents .. Not 1 new Doctor .. That's governments idea of healthcare #hcr #tcot #tlot #teaparty #ocra	negative	supadhyay		
14805088.0	MirelaMonte	10 immediate benefits you'll get when health care reform passes (HuffPost) http://bit.ly/d3KCvF #HCR #Health #News /via @Flipbooks #p2	positive	jbaldridge		
39313085.0	JoanOfSnark	Rodgers: ''Wrong bill at the wrong time.'' #tcot #hcr #tweetcongress	negative	jbaldridge		
88007912.0	CQHealthTweet	Final House votes expected around 10 to 10;30 p.m. #HCR #healthcare	neutral	jbaldridge		
51669893.0	Mrr56	As a Washington Native, watching CMR tell us it's the wrong time for health care reform makes me ashamed. #hcr	positive	jbaldridge		
10820222.0	rk_p	I *AM* one of the American people and I support #hcr.	positive	jbaldridge		
759251.0	CNN	RT @DanielleCNN: Curious how #HCR will impact you? Send me your Q's! @SanjayGuptaCNN is LIVE w/ @WolfBlitzerCNN & will answer them for you!	neutral	jbaldridge		
20818214.0	LawrenceMills	RT @hardcorps80204: If #hcr passes Obama will dig up your ancestors, gay-marry them, & then send them to the death panel. #icanmakeshituptoo	positive	jbaldridge	Serious #sarcasm	
40692887.0	iDefendFreedom	RT @ToddThurman: Final vote at approx. 10PM Eastern according to CSPAN #hcr #tcot	neutral	jbaldridge		
14873618.0	DavidOAtkins	uhhhh....Shelley?  Most of us left out in the #hcr cold will take any blanket.	positive	jbaldridge		
14405285.0	RevoltRealWomen	I am a woman and I am NOT a pre-existing condition. #hcr http://bit.ly/c5TokG	positive	jbaldridge		
15985455.0	RepMikePence	RT @GOPLeader: FACT CHECK: Gov't Takeover of Health Care ``Remains Starkly Unpopular'' http://ow.ly/1p9Es #hcr	negative	supadhyay		
12384312.0	dan_munz	Think of #hcr as a desk from Ikea. At first it's nice and easy to assemble, but then it scratches! #shelleymoorecapitoanalogies	negative	jbaldridge		
37074836.0	LesPhillip	The #KillTheBill fight is not over! Votes are short.  Keep emailing!! http://ow.ly/1p9Oy #hcr #sgp #tcot #teaparty #ocra	negative	jbaldridge		
53578813.0	TxJogger12	RT @Dataaide:  @Howardman1: The French called &want the statue of liberty back!! @foxandfriends @txjogger12 @grettawire #hcr // LOL	negative	jbaldridge		
17518344.0	keder	Watching the #hcr debate over the past year has literally been like watching a car crash in slow motion. Impact is now.	negative	jbaldridge		
48074225.0	SerenSnow	National debt will reach $14.3 trillion this year before the $2.6 trillion health care bill is added. #hcr #hc	neutral	jbaldridge		
14412533.0	TheFix	People asking why Dems only need 216 to pass #hcr. Four vacancies: PA-12, FL-19, HI-01 and NY-29 so only 431 people in House right now.	neutral	jbaldridge		
8431652.0	Shoq	RT @cyn3matic: I look forward to saying FUCK YOU to Anthem BCBS very, very soon. #p2 #hcr	positive	jbaldridge		
46176168.0	MajoratWH	Update: Obama called Stupak after deal was struck, thanked him for eventually backing #HCR. Obama in residence now.	neutral	jbaldridge		
12384312.0	dan_munz	Think of #hcr as your NCAA bracket. At first you're doing well, but then Kansas loses and you're screwed! #shelleymoorecapitoanalogies	negative	jbaldridge		
121534796.0	TeamReichert	The bill ''hurts our seniors and special needs population by taxing hearing aids,pacemakers and wheel chairs!'' #hcr #wcot	negative	jbaldridge		
17833574.0	HalSparks	2K people show up to protest #HCR in DC today & the MSM is All Over It.. 100K people show up to march for Immigration reform?..not a peep	neutral	supadhyay	user is slightly upset, but more informational and related to immigration	
13491312.0	timryan	Looks like the vote will happen in 15-20 minutes on #hcr. The energy is alive in and around the House chamber. #fb #p2	positive	jbaldridge		
5442642.0	coreydu	RT @cfh Blah, blah, blah, what we get from the #partyofno. Here comes #HCR, and it's absolutely what is good for ALL Americans, blue or red.	positive	jbaldridge		
7713202.0	GOPLeader	Leader Boehner will be closing #hcr debate for the House GOP in approx 10 min. Tune in to C-Span to watch his speech live.	neutral	jbaldridge		
5990782.0	youngdems	Republicans on the House floor keep saying the American people don't want this bill. We ARE American people. We want this bill. #hcr	positive	nsudan		
97273575.0	Clarknt67	RT @SarahPalinsHand: This #hcr bill will deprive people of the freedom to die at a very young age from a treatable condition. @aravosis	positive	jbaldridge		
20113397.0	MsVFAB	I should be in bed. I have a 0340 wake-up call, but I can't stop watching the train wreck.\n#hcr #dumpdennis #corriganOH10 #teaparty	negative	jbaldridge		
15976697.0	michellemalkin	RT @MajoratWH: Remarks in East Rm likely after that call...Obama will NOT sign Sen bill tonight or Mon...later in week. #hcr	neutral	jbaldridge		
23310948.0	glowmoment	Let's try this -- politicians and their families halt own use of health care until they can agree on plan for everyone #hcr	positive	jbaldridge		
14412533.0	TheFix	Cantor: ''We are at a crossroads''. To which I respond: http://ow.ly/1p9Vd  #hcr	positive	jbaldridge		
7231502.0	bigjohns	REPUBS! Immediately introduce a bill demanding Constitutionality review of this bill!  DO IT NOW! #hcr #tweetcongress	negative	jbaldridge		
16072058.0	mikememoli	House proceedings dragging on just long enough for GOP to say #hcr passed in ''the dead of night.''	neutral	jbaldridge		
820585.0	baratunde	In honor of Rep. Eric Cantor on #HCR... \u266b Tha Crossroads - Bone Thugs-n-Harmony  http://lala.com/zL1Y	positive	jbaldridge		
12876992.0	dtatusko	i mourn for the future of america when i see how miserable and oppressed the swedes, japanese, and germans are. wait... #hcr	positive	jbaldridge		
17260365.0	chilibeanie	Who was it that elected Obama again? Oh yeah, the MAJORITY of Americans who are sick of being gouged. #hcr	positive	jbaldridge		
31127446.0	markknoller	Didn't know this was in #HCR bill: a 10 percent excise tax on indoor tanning services.	neutral	jbaldridge		
15976697.0	michellemalkin	GOP Rep. Dan Lungren asks for a separate vote on Obama exec order. #hcr	neutral	jbaldridge		
18891923.0	GOPWhip	We are truly at a critical point in this country's history. We are at a crossroads #hc #hcr #healthcare #handsoff #tcot #gop	negative	jbaldridge		
14412533.0	TheFix	We are getting down to it now on #hcr. Dave Obey in the chair, Pelosi and Boehner still to speak....	neutral	jbaldridge		
15976697.0	michellemalkin	Democrat Dem. Obey balks - such a request must be cleared. #hcr	neutral	jbaldridge		
17241517.0	argylestyle	RT @jgoffutt: If #hcr passes CIA will join Satan + darth vader to kill Jesus. #icanmakeupshittoo	positive	nsudan	sarcasm	
86141342.0	ABCWorldNews	We are almost at the end of the #hcr debate.  The Final Speeches on the House Floor. Watch LIVE: http://bit.ly/4brxl0	neutral	jbaldridge		
56427368.0	AatRB	RT @arensb: If #hcr fails, Ronald Reagan will rise from the grave, and give everyone a pony that farts rainbows. #icanmakeupshittoo	irrelevant	jbaldridge		
18618881.0	montuckyliberal	I like Rosa DeLauro. That was a pretty damn badass #hcr speech.	positive	jbaldridge		
15976697.0	michellemalkin	GOP Rep. Dave Camp reading Democrat criticisms of the massive takeover plan that they are now all supporting. #hcr	negative	jbaldridge		
820585.0	baratunde	WHO IS THIS ROCKSTAR LEGISLATOR, AND WHERE ARE HER BACKUP DANCERS?? #HCR http://yfrog.com/8b7k6p	positive	supadhyay		
14927129.0	faboomama	I just heard your speech on the floor @EricCantor. As an American, I support this #hcr bill. Note it.	positive	jbaldridge		
14389132.0	nansen	Its time to clean HOUSE! #hcr #tcot	negative	jbaldridge		
53130511.0	StopBeck	lol. RT @nkbe: if #HCRbill passes, Russ limbaugh and Glen Beck will marry and leave the USA, #icanmakeupshittoo	irrelevant	jbaldridge		
15976697.0	michellemalkin	GOP leader Boehner takes the floor. #hcr #teaparty	neutral	jbaldridge		
33334770.0	danielvgarner	You don't ''GIVE'' us anything you ASSHAT!  Our rights do not come from you!  #cspan #hcr #killthebill	negative	jbaldridge		
15976697.0	michellemalkin	Boehner: ''I rise tonite with a sad and heavy heart.'' #hcr #teaparty #tcot	negative	jbaldridge		
40705626.0	teenagesleuth	Finally, a person of color at the mike. Oh, wait.  #hcr #Boner	irrelevant	jbaldridge	Meta joke	
58415867.0	ConservNewMedia	#tcot #sgp #hcr #p2 -- Boehner: Can u tell ur constituents this bill will respect sanctity of all life? ''No''	unsure	nsudan		
15976697.0	michellemalkin	Boehner  blasts Dems: ''Have u read the bill? Have u read mgr's amendment? HELL NO YOU HAVENT!'' #hcr #teaparty	neutral	nsudan	commentary	
21707592.0	exposeliberals	John Boehner kicking progressive liberal  buttox! #tcot #p2 #hcr	negative	nsudan	positive for Boehner though	
25593764.0	ElizabethKH	Minority Leader flat out lying on the House floor. Nice. #HCR	irrelevant	nsudan	which minority leader is the user talking about? what did the leader say on the House floor?	
7074742.0	PeterKinder	Americans overwhelmingly agree that the Fed govt no longer operates w/ the consent of the governed. #hcr #pdk #tcot #NewCongress #teaparty	irrelevant	nsudan		
23480093.0	poniewozik	Making sure I have the argument straight: #hcr (1) is a government takeover and (2) cuts Medicare too much?	negative	supadhyay	sarcasm	
14412533.0	TheFix	Obey is in the chair for a reason. He knows House rules inside and out #hcr	neutral	supadhyay	Think this is in reference to Dave Obey of Wisconsin 	
17629004.0	Chromedaffodils	rt @kathrynlopez boehner had 2 get mad, it's the people's house and people are mad. they've been on the hill all weekend. #killthebill #hcr	negative	supadhyay		
